{"cameraMode":{"drawMode":0,"name":"Shaded","section":"Shading Mode"},"sceneLighting":true,"audioPlay":false,"sceneViewState":{"showFog":true,"showMaterialUpdate":false,"showSkybox":true,"showFlares":true,"showImageEffects":true,"showParticleSystems":true},"in2DMode":false,"pivot":{"x":0.0,"y":1.1050573587417603,"z":1.8217315673828126},"rotation":{"x":-0.10328883677721024,"y":0.8531123399734497,"z":-0.18478868901729585,"w":-0.47685787081718447},"size":62.73064422607422,"orthographic":false}